input_id	dealiased_id	standard_id	short_id
doi:10.1016/j.xgen.2023.100340	doi:10.1016/j.xgen.2023.100340	doi:10.1016/j.xgen.2023.100340	5VXMHJ7N
doi:10.1093/bioinformatics/btw691	doi:10.1093/bioinformatics/btw691	doi:10.1093/bioinformatics/btw691	dxeON3tz
doi:10.1038/bjc.2013.496	doi:10.1038/bjc.2013.496	doi:10.1038/bjc.2013.496	15Yz3j9AA
doi:10.1186/s12864-015-2202-0	doi:10.1186/s12864-015-2202-0	doi:10.1186/s12864-015-2202-0	HOfcb651
doi:10.1038/nature26000	doi:10.1038/nature26000	doi:10.1038/nature26000	19a3Xf4h3
